,Brand,color,Model,AccelSec,TopSpeed_KmH,Range_Km,Efficiency_WhKm,FastCharge_KmH,RapidCharge,PowerTrain,PlugType,BodyStyle,Segment,Seats,PriceEuro,PriceIndia,crash
0,Tesla ,True,Model 3 Long Range Dual Motor,4.6,233,450,161,940,Yes,AWD,Type 2 CCS,Sedan,D,5,55480,300000,crashed
1,Volkswagen ,True,ID.3 Pure,10.0,160,270,167,250,Yes,RWD,Type 2 CCS,Hatchback,C,5,30000,450000,
2,Polestar ,True,2,4.7,210,400,181,620,Yes,AWD,Type 2 CCS,Liftback,D,5,56440,600000,
3,BMW ,True,iX3 ,6.8,180,360,206,560,Yes,RWD,Type 2 CCS,SUV,D,5,68040,750000,
4,Honda ,True,e ,9.5,145,170,168,190,Yes,RWD,Type 2 CCS,Hatchback,B,4,32997,500000,
5,Lucid ,True,Air ,2.8,250,610,180,620,Yes,AWD,Type 2 CCS,Sedan,F,5,105000,650000,
6,Volkswagen ,True,e-Golf ,9.6,150,190,168,220,Yes,FWD,Type 2 CCS,Hatchback,C,5,31900,700000,
7,Peugeot ,True,e-208 ,8.1,150,275,164,420,Yes,FWD,Type 2 CCS,Hatchback,B,5,29682,800000,
8,Tesla ,True,Model 3 Standard Range Plus,5.6,225,310,153,650,Yes,RWD,Type 2 CCS,Sedan,D,5,46380,1200000,
9,Audi ,True,Q4 e-tron ,6.3,180,400,193,540,Yes,AWD,Type 2 CCS,SUV,D,5,55000,900000,
10,Mercedes ,True,EQC 400 4MATIC,5.1,180,370,216,440,Yes,AWD,Type 2 CCS,SUV,D,5,69484,1100000,crashed
11,Nissan ,True,Leaf ,7.9,144,220,164,230,Yes,FWD,Type 2 CHAdeMO,Hatchback,C,5,29234,950000,
12,Hyundai ,True,Kona Electric 64 kWh,7.9,167,400,160,380,Yes,FWD,Type 2 CCS,SUV,B,5,40795,400000,
13,BMW ,True,i4 ,4.0,200,450,178,650,Yes,RWD,Type 2 CCS,Sedan,D,5,65000,850000,
14,Hyundai ,True,IONIQ Electric,9.7,165,250,153,210,Yes,FWD,Type 2 CCS,Liftback,C,5,34459,1050000,
15,Volkswagen ,True,ID.3 Pro S,7.9,160,440,175,590,Yes,RWD,Type 2 CCS,Hatchback,C,4,40936,1150000,
16,Porsche ,True,Taycan Turbo S,2.8,260,375,223,780,Yes,AWD,Type 2 CCS,Sedan,F,4,180781,1250000,
17,Volkswagen ,True,e-Up! ,11.9,130,195,166,170,Yes,FWD,Type 2 CCS,Hatchback,A,4,21421,1300000,
18,MG ,True,ZS EV,8.2,140,220,193,260,Yes,FWD,Type 2 CCS,SUV,B,5,30000,1400000,
19,Mini ,True,Cooper SE ,7.3,150,185,156,260,Yes,FWD,Type 2 CCS,Hatchback,B,4,31681,1500000,
20,Opel ,True,Corsa-e ,8.1,150,275,164,420,Yes,FWD,Type 2 CCS,Hatchback,B,5,29146,1600000,crashed
21,Tesla ,True,Model Y Long Range Dual Motor,5.1,217,425,171,930,Yes,AWD,Type 2 CCS,SUV,D,7,58620,1700000,
22,Skoda ,True,Enyaq iV 50,10.0,160,290,179,230,Yes,RWD,Type 2 CCS,SUV,C,5,35000,1800000,
23,Audi ,True,e-tron GT ,3.5,240,425,197,850,Yes,AWD,Type 2 CCS,Sedan,F,4,125000,1900000,
24,Tesla ,True,Model 3 Long Range Performance,3.4,261,435,167,910,Yes,AWD,Type 2 CCS,Sedan,D,5,61480,2000000,
25,Volkswagen ,True,ID.4 ,7.5,160,420,183,560,Yes,RWD,Type 2 CCS,SUV,C,5,45000,2100000,
26,Volkswagen ,True,ID.3 Pro,9.0,160,350,166,490,Yes,RWD,Type 2 CCS,Hatchback,C,5,33000,2200000,
27,Volvo ,True,XC40 P8 AWD Recharge,4.9,180,375,200,470,Yes,AWD,Type 2 CCS,SUV,C,5,60437,2300000,
28,BMW ,True,i3 120 Ah,7.3,150,235,161,270,Yes,RWD,Type 2 CCS,Hatchback,B,4,38017,2400000,
29,Peugeot ,True,e-2008 SUV ,8.5,150,250,180,380,Yes,FWD,Type 2 CCS,SUV,B,5,34361,2500000,
30,Audi ,True,e-tron 50 quattro,6.8,190,280,231,450,Yes,AWD,Type 2 CCS,SUV,E,5,67358,2600000,crashed
31,Kia ,True,e-Niro 64 kWh,7.8,167,370,173,350,Yes,FWD,Type 2 CCS,SUV,C,5,38105,2700000,
32,Renault ,True,Zoe ZE50 R110,11.4,135,315,165,230,Yes,FWD,Type 2 CCS,Hatchback,B,5,31184,2800000,
33,Tesla ,True,Cybertruck Tri Motor,3.0,210,750,267,710,Yes,AWD,Type 2 CCS,Pickup,N,6,75000,2900000,
34,Mazda ,True,MX-30 ,9.0,150,180,178,240,Yes,FWD,Type 2 CCS,SUV,C,5,32646,3000000,
35,Nissan ,True,Leaf e+,7.3,157,325,172,390,Yes,FWD,Type 2 CHAdeMO,Hatchback,C,5,37237,3100000,
36,Lexus ,True,UX 300e,7.5,160,270,193,190,Yes,FWD,Type 2 CHAdeMO,SUV,C,5,50000,3200000,
37,CUPRA ,True,el-Born ,6.5,160,425,181,570,Yes,RWD,Type 2 CCS,Hatchback,C,4,45000,3300000,
38,Renault ,True,Zoe ZE50 R135,9.5,140,310,168,230,Yes,FWD,Type 2 CCS,Hatchback,B,5,33133,3400000,
39,Mercedes ,True,EQA ,5.0,200,350,171,440,Yes,AWD,Type 2 CCS,SUV,C,5,45000,3500000,
40,Tesla ,True,Model S Long Range,3.8,250,515,184,560,Yes,AWD,Type 2,Liftback,F,5,79990,3600000,crashed
41,Hyundai ,True,Kona Electric 39 kWh,9.9,155,255,154,210,Yes,FWD,Type 2 CCS,SUV,B,5,33971,3700000,
42,Audi ,True,e-tron Sportback 55 quattro,5.7,200,380,228,610,Yes,AWD,Type 2 CCS,SUV,E,5,81639,3800000,
43,Skoda ,True,CITIGOe iV ,12.3,130,195,166,170,Yes,FWD,Type 2 CCS,Hatchback,A,4,24534,3900000,
44,SEAT ,True,Mii Electric ,12.3,130,195,166,170,Yes,FWD,Type 2 CCS,Hatchback,A,4,20129,4000000,
45,Kia ,True,e-Soul 64 kWh,7.9,167,365,175,340,Yes,FWD,Type 2 CCS,SUV,B,5,36837,4100000,
46,Opel ,True,Ampera-e ,7.3,150,335,173,210,Yes,FWD,Type 2 CCS,MPV,B,5,41906,4200000,
47,Porsche ,True,Taycan 4S,4.0,250,365,195,730,Yes,AWD,Type 2 CCS,Sedan,F,4,102945,4300000,
48,Lightyear ,True,One ,10.0,150,575,104,540,Yes,AWD,Type 2 CCS,Liftback,F,5,149000,4400000,
49,Aiways ,True,U5 ,9.0,150,335,188,350,Yes,FWD,Type 2 CCS,SUV,C,5,36057,4500000,
50,Audi ,True,e-tron 55 quattro,5.7,200,365,237,590,Yes,AWD,Type 2 CCS,SUV,E,5,79445,4600000,crashed
51,Tesla ,True,Roadster ,2.1,410,970,206,920,Yes,AWD,Type 2 CCS,Cabrio,S,4,215000,4700000,
52,Opel ,True,Mokka-e ,8.5,150,255,176,390,Yes,FWD,Type 2 CCS,SUV,B,5,35000,4800000,
53,Skoda ,True,Enyaq iV 80,8.8,160,420,183,560,Yes,RWD,Type 2 CCS,SUV,C,5,40000,4900000,
54,Tesla ,True,Model X Long Range,4.6,250,450,211,490,Yes,AWD,Type 2,SUV,F,7,85990,5000000,
55,Honda ,True,e Advance,8.3,145,170,168,190,Yes,RWD,Type 2 CCS,Hatchback,B,4,35921,5100000,
56,DS ,True,3 Crossback E-Tense,8.7,150,250,180,380,Yes,FWD,Type 2 CCS,SUV,B,5,37422,5200000,
57,Renault ,True,Twingo ZE,12.6,135,130,164,-,No,RWD,Type 2,Hatchback,A,4,24790,5300000,
58,Citroen ,True,e-C4 ,9.7,150,250,180,380,Yes,FWD,Type 2 CCS,SUV,C,5,40000,5400000,
59,Tesla ,True,Model S Performance,2.5,261,505,188,550,Yes,AWD,Type 2,Liftback,F,5,96990,5500000,
60,Renault ,True,Zoe ZE40 R110,11.4,135,255,161,230,Yes,FWD,Type 2 CCS,Hatchback,B,5,29234,5600000,crashed
61,Tesla ,True,Model Y Long Range Performance,3.7,241,410,177,900,Yes,AWD,Type 2 CCS,SUV,D,7,65620,5700000,
62,Nissan ,True,Ariya 87kWh,7.6,160,440,198,520,Yes,FWD,Type 2 CCS,Hatchback,C,5,50000,5800000,
63,Jaguar ,True,I-Pace ,4.8,200,365,232,340,Yes,AWD,Type 2 CCS,SUV,E,5,75351,5900000,
64,Ford ,True,Mustang Mach-E ER RWD,7.0,180,450,200,430,Yes,RWD,Type 2 CCS,SUV,D,5,54475,6000000,
65,Porsche ,True,Taycan 4S Plus,4.0,250,425,197,890,Yes,AWD,Type 2 CCS,Sedan,F,4,109302,6100000,
66,Nissan ,True,e-NV200 Evalia ,14.0,123,190,200,190,Yes,FWD,Type 1 CHAdeMO,SPV,N,7,33246,6200000,
67,Tesla ,True,Cybertruck Dual Motor,5.0,190,460,261,710,Yes,AWD,Type 2 CCS,Pickup,N,6,55000,6300000,
68,Renault ,True,Kangoo Maxi ZE 33,22.4,130,160,194,-,No,FWD,Type 2,SPV,N,5,38000,6400000,
69,Ford ,True,Mustang Mach-E ER AWD,6.0,180,430,209,410,Yes,AWD,Type 2 CCS,SUV,D,5,62900,6500000,
70,BMW ,True,i3s 120 Ah,6.9,160,230,165,260,Yes,RWD,Type 2 CCS,Hatchback,B,4,41526,6600000,crashed
71,Skoda ,True,Enyaq iV 80X,7.0,160,400,193,540,Yes,AWD,Type 2 CCS,SUV,C,5,45000,6700000,
72,Porsche ,True,Taycan Cross Turismo ,3.5,250,385,217,770,Yes,AWD,Type 2 CCS,Station,F,4,150000,6800000,
73,Byton ,True,M-Byte 95 kWh 4WD,5.5,190,390,244,460,Yes,AWD,Type 2 CCS,SUV,E,5,64000,6900000,
74,Sono ,True,Sion ,9.0,140,225,156,270,Yes,FWD,Type 2 CCS,Hatchback,C,5,25500,7000000,
75,Kia ,True,e-Niro 39 kWh,9.8,155,235,167,230,Yes,FWD,Type 2 CCS,SUV,C,5,34400,7100000,
76,Audi ,True,Q4 Sportback e-tron ,6.3,180,410,188,550,Yes,AWD,Type 2 CCS,SUV,D,5,57500,7200000,
77,Smart ,True,EQ forfour ,12.7,130,95,176,-,No,RWD,Type 2,Hatchback,A,4,22030,7300000,
78,Ford ,True,Mustang Mach-E SR AWD,6.0,180,340,206,360,Yes,AWD,Type 2 CCS,SUV,D,5,54000,7400000,
79,Porsche ,True,Taycan Turbo,3.2,260,390,215,810,Yes,AWD,Type 2 CCS,Sedan,F,4,148301,7500000,
80,Volkswagen ,True,ID.3 1st,7.3,160,340,171,470,Yes,RWD,Type 2 CCS,Hatchback,C,5,38987,7600000,crashed
81,Tesla ,True,Model X Performance,2.8,250,440,216,480,Yes,AWD,Type 2,SUV,F,7,102990,7700000,
82,Smart ,True,EQ fortwo coupe,11.6,130,100,167,-,No,RWD,Type 2,Hatchback,A,2,21387,7800000,
83,Ford ,True,Mustang Mach-E SR RWD,6.6,180,360,194,380,Yes,RWD,Type 2 CCS,SUV,D,5,46900,7900000,
84,Mercedes ,True,EQV 300 Long,10.0,140,330,273,290,Yes,FWD,Type 2 CCS,SPV,N,7,70631,8000000,
85,Fiat ,True,500e Hatchback,9.0,150,250,168,330,Yes,FWD,Type 2 CCS,Hatchback,B,4,34900,8100000,
86,Tesla ,True,Cybertruck Single Motor,7.0,180,390,256,740,Yes,RWD,Type 2 CCS,Pickup,N,6,45000,8200000,
87,Audi ,True,e-tron Sportback 50 quattro,6.8,190,295,219,470,Yes,AWD,Type 2 CCS,SUV,E,5,69551,8300000,
88,Skoda ,True,Enyaq iV vRS,6.2,180,400,193,540,Yes,AWD,Type 2 CCS,SUV,C,5,47500,8400000,
89,Skoda ,True,Enyaq iV 60,9.0,160,320,181,440,Yes,RWD,Type 2 CCS,SUV,C,5,37500,8500000,
90,Audi ,True,e-tron S 55 quattro,4.5,210,320,270,510,Yes,AWD,Type 2 CCS,SUV,E,5,93800,8600000,crashed
91,Smart ,True,EQ fortwo cabrio,11.9,130,95,176,-,No,RWD,Type 2,Cabrio,A,2,24565,8700000,
92,Kia ,True,e-Soul 64 kWh,7.9,167,365,175,320,Yes,FWD,Type 2 CCS,SUV,B,5,36837,8800000,
93,Nissan ,True,Ariya e-4ORCE 87kWh,5.7,200,420,207,500,Yes,AWD,Type 2 CCS,Hatchback,C,5,57500,8900000,
94,Fiat ,True,500e Convertible,9.0,150,250,168,330,Yes,FWD,Type 2 CCS,Cabrio,B,4,37900,9000000,
95,Volkswagen ,True,ID.3 Pro Performance,7.3,160,340,171,470,Yes,RWD,Type 2 CCS,Hatchback,C,5,35575,9100000,
96,Kia ,True,e-Soul 39 kWh,9.9,157,230,170,220,Yes,FWD,Type 2 CCS,SUV,B,5,33133,9200000,
97,Byton ,True,M-Byte 72 kWh 2WD,7.5,190,325,222,420,Yes,RWD,Type 2 CCS,SUV,E,5,53500,9300000,
98,Nissan ,True,Ariya 63kWh,7.5,160,330,191,440,Yes,FWD,Type 2 CCS,Hatchback,C,5,45000,9400000,
99,Audi ,True,e-tron S Sportback 55 quattro,4.5,210,335,258,540,Yes,AWD,Type 2 CCS,SUV,E,5,96050,9500000,
100,Nissan ,True,Ariya e-4ORCE 63kWh,5.9,200,325,194,440,Yes,AWD,Type 2 CCS,Hatchback,C,5,50000,9600000,crashed
